Name,Created,Tags
Kundarak Vault: #1 - Entrance,"May 9, 2020 5:54 PM",
Kundarak Vault: #2 - Hall of Elders,"May 9, 2020 7:11 PM",
Kundarak #3: Vault - Rail System,"May 9, 2020 7:10 PM",
Kundarak Vault: #4 - The Infested Tombs,"May 9, 2020 7:04 PM",
Kundarak Vault #5 - The Core,"May 9, 2020 5:54 PM",
Enclave Layout,"May 10, 2020 12:38 AM",
Kundarrak Vault #6: Irradial Forge Slums,"May 10, 2020 2:47 AM",
Genesys Station,"May 14, 2020 9:57 PM","cze-peku, map"
Dwarven Vault,"May 21, 2020 10:11 PM",
Kundarak Vault #6 - The Smith,"Jun 24, 2020 5:32 PM",